epoch,metrics/train_loss,step
0,0.03483398258686066,0
0,0.033940430730581284,1
